type,name,module,path,hash
"csv","agent-manifest","_cfg","bmad/_cfg/agent-manifest.csv","6cf312fbc711e9b4d2c8d82f221be36c13f6432d8dba74075c77045202c0b808"
"csv","task-manifest","_cfg","bmad/_cfg/task-manifest.csv","0bf3eabba67a0f01627105d16face2552e071fb2139ed22d4d211e80ab2f2114"
"csv","workflow-manifest","_cfg","bmad/_cfg/workflow-manifest.csv","423ba9be93d9591c0e5f98c89c163284fb81d5a77fdbb5c4fcf8c98f03723615"
"yaml","manifest","_cfg","bmad/_cfg/manifest.yaml","ad46af29af4447414fb500abf6b191af149b509e283d18c5f0fbe505ed43d2d5"
"js","installer","bmb","bmad/bmb/workflows/create-module/installer-templates/installer.js","309ecdf2cebbb213a9139e5b7780d0d42bd60f665c497691773f84202e6667a7"
"md","agent-architecture","bmb","bmad/bmb/workflows/create-agent/agent-architecture.md","fa27f7efa456b75598807c5314fcd88d3cafa0ef1fb5111429691646bd5b3390"
"md","agent-command-patterns","bmb","bmad/bmb/workflows/create-agent/agent-command-patterns.md","b3442800bdcee275199c9a6e0d5fe8287e980a3aad3142a699cf6e2dfd5d38dc"
"md","agent-types","bmb","bmad/bmb/workflows/create-agent/agent-types.md","22f7ea983149b21c3aab77123a85e8a398380b8bae9d61094f782e9a907361c7"
"md","bmad-builder","bmb","bmad/bmb/agents/bmad-builder.md","6502dc56d6900309201193b74b22aca43aaae9f3f0e5cfd19be2d094e195f94d"
"md","brainstorm-context","bmb","bmad/bmb/workflows/create-agent/brainstorm-context.md","85be72976c4ff5d79b2bce8e6b433f5e3526a7466a72b3efdb4f6d3d118e1d15"
"md","brainstorm-context","bmb","bmad/bmb/workflows/create-module/brainstorm-context.md","62b902177d2cb56df2d6a12e5ec5c7d75ec94770ce22ac72c96691a876ed2e6a"
"md","brainstorm-context","bmb","bmad/bmb/workflows/create-workflow/brainstorm-context.md","f246ec343e338068b37fee8c93aa6d2fe1d4857addba6db3fe6ad80a2a2950e8"
"md","checklist","bmb","bmad/bmb/workflows/audit-workflow/checklist.md","1465d2c1eea7b3d37b74107a198de893bd4f7e2670add78cd027ed33976ae14d"
"md","checklist","bmb","bmad/bmb/workflows/convert-legacy/checklist.md","fdf8bc158dcb84ef285d5dc661711f61402605cd09fff916fd3f9f06db05362a"
"md","checklist","bmb","bmad/bmb/workflows/create-agent/checklist.md","9aec4095865532cb95a952717c8d37c3fd9e9534026846dc4d085d778d681f98"
"md","checklist","bmb","bmad/bmb/workflows/create-module/checklist.md","2426bad295560cdc8cd972465ce82f1f9aaabfd992727ed8294819edc71854cd"
"md","checklist","bmb","bmad/bmb/workflows/create-workflow/checklist.md","5177e91bedcb515fa09f3a2bad36c2579d0201ac502a1262ba64f515daca41df"
"md","checklist","bmb","bmad/bmb/workflows/create-workflow/workflow-template/checklist.md","a950c68c71cd54b5a3ef4c8d68ad8ec40d5d1fa057f7c95e697e975807ae600b"
"md","checklist","bmb","bmad/bmb/workflows/edit-agent/checklist.md","bdd1a6b9cce0fd939b46472356e2dcdfcecd977278b7149222f12f27856c600e"
"md","checklist","bmb","bmad/bmb/workflows/edit-module/checklist.md","a30511053672ff986786543022b186487aec9ed09485c515b0d03a1f968c00df"
"md","checklist","bmb","bmad/bmb/workflows/edit-workflow/checklist.md","9677c087ddfb40765e611de23a5a009afe51c347683dfe5f7d9fd33712ac4795"
"md","checklist","bmb","bmad/bmb/workflows/module-brief/checklist.md","821c90da14f02b967cb468b19f59a26c0d8f044d7a81a8b97631fb8ffac7648f"
"md","checklist","bmb","bmad/bmb/workflows/redoc/checklist.md","2117d60b14e19158f4b586878b3667d715d3b62f79815b72b55c2376ce31aae8"
"md","communication-styles","bmb","bmad/bmb/workflows/create-agent/communication-styles.md","96249cca9bee8f10b376e131729c633ea08328c44eaa6889343d2cf66127043e"
"md","instructions","bmb","bmad/bmb/workflows/audit-workflow/instructions.md","68b477d0af4ed9e74ac5556fca0f6b7cbfa1f62b99297716e661fdac4f334c32"
"md","instructions","bmb","bmad/bmb/workflows/convert-legacy/instructions.md","3343a3b14b7e188c74eedfce138f1e246a0144af52dfabe8496536ae4e0857dd"
"md","instructions","bmb","bmad/bmb/workflows/create-agent/instructions.md","b18da5d7069ca1ce6837249eab19435eed9cf4463872738ed60ecdb75030d68d"
"md","instructions","bmb","bmad/bmb/workflows/create-module/instructions.md","7d1be68136f8c51b020e6daf840a675e4cb46d7cda815c9b4939546d3e859f7e"
"md","instructions","bmb","bmad/bmb/workflows/create-workflow/instructions.md","6f3395aefe4b28f1a478a869af687d700436de3d480b3fe35eef26f97bc49c12"
"md","instructions","bmb","bmad/bmb/workflows/create-workflow/workflow-template/instructions.md","b7e55c4343733d33eeea16f1c3c0a537d4cedd54b533ba1f64678188a99ff53d"
"md","instructions","bmb","bmad/bmb/workflows/edit-agent/instructions.md","8cfe46d3ae269fd9584b5ead8674a3baaa4bfaf2c8cf95e07977efa597b81c95"
"md","instructions","bmb","bmad/bmb/workflows/edit-module/instructions.md","ad5eacb59c0a133b6318f57df9012762299b59afa45cde1357e0ae2c99c5dafc"
"md","instructions","bmb","bmad/bmb/workflows/edit-workflow/instructions.md","0f8695bf471bed732dfdae4ac782ffc32fdeeb0c84eac8915144c211d630ffae"
"md","instructions","bmb","bmad/bmb/workflows/module-brief/instructions.md","5a6ca3b1848f14761d903cd11169ffa35ee470991cf8420454b0c2302a1f8895"
"md","instructions","bmb","bmad/bmb/workflows/redoc/instructions.md","f2105a3d6212f43c09038697cdacaf80d09239b199186e3a5f22e70baeda0064"
"md","module-structure","bmb","bmad/bmb/workflows/create-module/module-structure.md","c5655a92a5a7c5c1f5c955719433a7b6e4711be67c57baf53dfe8cab52685ea1"
"md","README","bmb","bmad/bmb/README.md","aa2beac1fb84267cbaa6d7eb541da824c34177a17cd227f11b189ab3a1e06d33"
"md","README","bmb","bmad/bmb/workflows/convert-legacy/README.md","a96f2f3362acca9bcc1637f4f595d927762da21303330a30c92fa78e1df01a7c"
"md","README","bmb","bmad/bmb/workflows/create-agent/README.md","622efda446ed0b94484f63d267c14617e9c0090b53a1069de19a600ec54d769d"
"md","README","bmb","bmad/bmb/workflows/create-module/README.md","bd510d67395896d198eef7bf607141853be2ceb3b0a5670389fb77c7e56088ef"
"md","README","bmb","bmad/bmb/workflows/create-workflow/README.md","de363c527b0766f9433c332dd7ba3c9debc9b6019470d4ba927f47871b4f0c11"
"md","README","bmb","bmad/bmb/workflows/edit-agent/README.md","fadee8e28804d5b6d6668689ee83e024035d2be2840fd6c359e0e095f0e4dcf9"
"md","README","bmb","bmad/bmb/workflows/edit-module/README.md","5c3c8b152b9129be544f6cf737e556abe8ab1c05b64b09a27be1cdfe680d828a"
"md","README","bmb","bmad/bmb/workflows/edit-workflow/README.md","2db00015c03a3ed7df4ff609ac27a179885145e4c8190862eea70d8b894ee9be"
"md","README","bmb","bmad/bmb/workflows/module-brief/README.md","3b6456ebaff447a2312d1274b50bad538da6a8e7c73c2e7e4d5b7f6092852219"
"md","README","bmb","bmad/bmb/workflows/redoc/README.md","47b93484d09c4bf1848e046223aa365377606bbb7b09acc2b5e499bc7eac2fa2"
"md","template","bmb","bmad/bmb/workflows/audit-workflow/template.md","98e65880cac3ffb123e513abd48710e57e461418dd79a07d6b712505ed3ddb0e"
"md","template","bmb","bmad/bmb/workflows/create-workflow/workflow-template/template.md","c98f65a122035b456f1cbb2df6ecaf06aa442746d93a29d1d0ed2fc9274a43ee"
"md","template","bmb","bmad/bmb/workflows/module-brief/template.md","7d1ad5ec40b06510fcbb0a3da8ea32aefa493e5b04c3a2bba90ce5685b894275"
"md","workflow-creation-guide","bmb","bmad/bmb/workflows/create-workflow/workflow-creation-guide.md","31518b65a7654116b2d54eb826f1c37e4a6c26df529c3c7c702ccaed7ed612c7"
"yaml","bmad-builder.agent","bmb","bmad/bmb/agents/bmad-builder.agent.yaml",""
"yaml","config","bmb","bmad/bmb/config.yaml","53c668d5144c7a5841efba89309c5056a3f6263bf04b0ae841686e9500d86404"
"yaml","install-config","bmb","bmad/bmb/workflows/create-module/installer-templates/install-config.yaml","77f8f309d4bfb7219abe78139e4deffbf5803d61f0e38de3b59a465f1d8c3384"
"yaml","workflow","bmb","bmad/bmb/workflows/audit-workflow/workflow.yaml","2e90e563869a2a44da9f673dadb3f1a37c9578f774520188a6a9bec868b621b5"
"yaml","workflow","bmb","bmad/bmb/workflows/convert-legacy/workflow.yaml","27b7e96cd26ea5688429f507867b202a958f6e696d2d26d187308d9cf1f23968"
"yaml","workflow","bmb","bmad/bmb/workflows/create-agent/workflow.yaml","00afe569cf86c3923dce3927a8ac2a90ccafaf348359391c7f78ddb3fbbf790f"
"yaml","workflow","bmb","bmad/bmb/workflows/create-module/workflow.yaml","591c95a1bdd9bb458f40f07131a356bda73863349bf613e8d7367dce86a2a380"
"yaml","workflow","bmb","bmad/bmb/workflows/create-workflow/workflow-template/workflow.yaml","559c20202da972a69a76f377526b26133b7dd6885aafb30de18034651b376c73"
"yaml","workflow","bmb","bmad/bmb/workflows/create-workflow/workflow.yaml","2630081fc5c91e62b45d8d2a9201f87323535b49cafea2d3f7b8013962bd798f"
"yaml","workflow","bmb","bmad/bmb/workflows/edit-agent/workflow.yaml","7ec7fe058090659bb043119278e6d42b36797c53f22468a452532ce44c77ddfd"
"yaml","workflow","bmb","bmad/bmb/workflows/edit-module/workflow.yaml","b91b591b07bc5d60db1a8c5a6c1f7682a6afc2e6c22836f2b47c8342db6c3dbb"
"yaml","workflow","bmb","bmad/bmb/workflows/edit-workflow/workflow.yaml","961dec617daa96f3c66afe2e23a2c242e4087e506e61f9c298f042588fdddf09"
"yaml","workflow","bmb","bmad/bmb/workflows/module-brief/workflow.yaml","7d329970f6d5551d258985fab3bf24e369b75b3f5cdcd7eb8f15151d03e63e34"
"yaml","workflow","bmb","bmad/bmb/workflows/redoc/workflow.yaml","7eeb74b7b301c00155f273ac57a9def127380f6d5c6fe43cfbd32da36337a882"
"csv","debug-index","bmm","bmad/bmm/knowledge/debug-index.csv","1105c5b532db793ee0e352b5fac9320d1caedb12c572a3d5d6a9366e621e1963"
"csv","default-party","bmm","bmad/bmm/teams/default-party.csv","5c95867e7758161496dfdcf0516e8dd1ab944bedef03b15c46777595e9463066"
"csv","documentation-requirements","bmm","bmad/bmm/workflows/document-project/documentation-requirements.csv","d1253b99e88250f2130516b56027ed706e643bfec3d99316727a4c6ec65c6c1d"
"csv","domain-complexity","bmm","bmad/bmm/workflows/2-plan-workflows/prd/domain-complexity.csv","ed4d30e9fd87db2d628fb66cac7a302823ef6ebb3a8da53b9265326f10a54e11"
"csv","pattern-categories","bmm","bmad/bmm/workflows/3-solutioning/architecture/pattern-categories.csv","d9a275931bfed32a65106ce374f2bf8e48ecc9327102a08f53b25818a8c78c04"
"csv","project-types","bmm","bmad/bmm/workflows/2-plan-workflows/prd/project-types.csv","30a52051db3f0e4ff0145b36cd87275e1c633bc6c25104a714c88341e28ae756"
"csv","tea-index","bmm","bmad/bmm/knowledge/tea-index.csv","23b0e383d06e039a77bb1611b168a2bb5323ed044619a592ac64e36911066c83"
"json","project-scan-report-schema","bmm","bmad/bmm/workflows/document-project/templates/project-scan-report-schema.json","53255f15a10cab801a1d75b4318cdb0095eed08c51b3323b7e6c236ae6b399b7"
"md","agents-guide","bmm","bmad/bmm/docs/agents-guide.md","7561642f96394040c7733fe7e6aa22cdb11bb8e6cea9f7e618fec621895ef6b8"
"md","analyst","bmm","bmad/bmm/agents/analyst.md","30aadcd14ab37d5887f152782a707e62e9a8b5e4005ab78fe6dd55ff8b238e19"
"md","architect","bmm","bmad/bmm/agents/architect.md","a52324feb50c49fb5e99e825ea6d5b605246be7694d0f0524e23709ba5a756c0"
"md","architecture-template","bmm","bmad/bmm/workflows/3-solutioning/architecture/architecture-template.md","a4908c181b04483c589ece1eb09a39f835b8a0dcb871cb624897531c371f5166"
"md","atdd-checklist-template","bmm","bmad/bmm/workflows/testarch/atdd/atdd-checklist-template.md","e6f2d681c8b7771402ca2d42c77b18c11a315003dcf1bbb1e34654aa36c14b8b"
"md","AUDIT-REPORT","bmm","bmad/bmm/workflows/4-implementation/dev-story/AUDIT-REPORT.md","1ae6a7c2a901515b4bc86ff24dc7ea8d58208e442e9d16c16610ac4b60201490"
"md","backlog_template","bmm","bmad/bmm/workflows/4-implementation/code-review/backlog_template.md","84b1381c05012999ff9a8b036b11c8aa2f926db4d840d256b56d2fa5c11f4ef7"
"md","brownfield-guide","bmm","bmad/bmm/docs/brownfield-guide.md","083dbf565e3bbdbbb899b31fb201ec7e98e8cafbba4d5f539fe9019f3a21e8c7"
"md","checklist","bmm","bmad/bmm/workflows/1-analysis/product-brief/checklist.md","d801d792e3cf6f4b3e4c5f264d39a18b2992a197bc347e6d0389cc7b6c5905de"
"md","checklist","bmm","bmad/bmm/workflows/1-analysis/research/checklist.md","b5bce869ee1ffd1d7d7dee868c447993222df8ac85c4f5b18957b5a5b04d4499"
"md","checklist","bmm","bmad/bmm/workflows/2-plan-workflows/create-ux-design/checklist.md","1aa5bc2ad9409fab750ce55475a69ec47b7cdb5f4eac93b628bb5d9d3ea9dacb"
"md","checklist","bmm","bmad/bmm/workflows/2-plan-workflows/prd/checklist.md","c9cbd451aea761365884ce0e47b86261cff5c72a6ffac2451123484b79dd93d1"
"md","checklist","bmm","bmad/bmm/workflows/2-plan-workflows/tech-spec/checklist.md","fea852e71365e1eb28f452ea7b8b19c7418ca1598c2ee22349ff9e9a7811fec8"
"md","checklist","bmm","bmad/bmm/workflows/3-solutioning/architecture/checklist.md","aa0bd2bde20f45be77c5b43c38a1dfb90c41947ff8320f53150c5f8274680f14"
"md","checklist","bmm","bmad/bmm/workflows/3-solutioning/solutioning-gate-check/checklist.md","c458763b4f2f4e06e2663c111eab969892ee4e690a920b970603de72e0d9c025"
"md","checklist","bmm","bmad/bmm/workflows/4-implementation/code-review/checklist.md","549f958bfe0b28f33ed3dac7b76ea8f266630b3e67f4bda2d4ae85be518d3c89"
"md","checklist","bmm","bmad/bmm/workflows/4-implementation/correct-course/checklist.md","cbb26f2d8402dc5449f8782c744f44798a6c280ef65b596f78e135f857037274"
"md","checklist","bmm","bmad/bmm/workflows/4-implementation/create-story/checklist.md","e3a636b15f010fc0c337e35c2a9427d4a0b9746f7f2ac5dda0b2f309f469f5d1"
"md","checklist","bmm","bmad/bmm/workflows/4-implementation/dev-story/checklist.md","77cecc9d45050de194300c841e7d8a11f6376e2fbe0a5aac33bb2953b1026014"
"md","checklist","bmm","bmad/bmm/workflows/4-implementation/epic-tech-context/checklist.md","630a0c5b75ea848a74532f8756f01ec12d4f93705a3f61fcde28bc42cdcb3cf3"
"md","checklist","bmm","bmad/bmm/workflows/4-implementation/sprint-planning/checklist.md","80b10aedcf88ab1641b8e5f99c9a400c8fd9014f13ca65befc5c83992e367dd7"
"md","checklist","bmm","bmad/bmm/workflows/4-implementation/story-context/checklist.md","29f17f8b5c0c4ded3f9ca7020b5a950ef05ae3c62c3fadc34fc41b0c129e13ca"
"md","checklist","bmm","bmad/bmm/workflows/document-project/checklist.md","54e260b60ba969ecd6ab60cb9928bc47b3733d7b603366e813eecfd9316533df"
"md","checklist","bmm","bmad/bmm/workflows/testarch/atdd/checklist.md","c4fa594d949dd8f1f818c11054b28643b458ab05ed90cf65f118deb1f4818e9f"
"md","checklist","bmm","bmad/bmm/workflows/testarch/automate/checklist.md","bf1ae220c15c9f263967d1606658b19adcd37d57aef2b0faa30d34f01e5b0d22"
"md","checklist","bmm","bmad/bmm/workflows/testarch/ci/checklist.md","b0a6233b7d6423721aa551ad543fa708ede1343313109bdc0cbd37673871b410"
"md","checklist","bmm","bmad/bmm/workflows/testarch/framework/checklist.md","d0f1008c374d6c2d08ba531e435953cf862cc280fcecb0cca8e9028ddeb961d1"
"md","checklist","bmm","bmad/bmm/workflows/testarch/nfr-assess/checklist.md","044416df40402db39eb660509eedadafc292c16edc247cf93812f2a325ee032c"
"md","checklist","bmm","bmad/bmm/workflows/testarch/test-design/checklist.md","17b95b1b316ab8d2fc9a2cd986ec5ef481cb4c285ea11651abd53c549ba762bb"
"md","checklist","bmm","bmad/bmm/workflows/testarch/test-review/checklist.md","0626c675114c23019e20e4ae2330a64baba43ad11774ff268c027b3c584a0891"
"md","checklist","bmm","bmad/bmm/workflows/testarch/trace/checklist.md","a4468ae2afa9cf676310ec1351bb34317d5390e4a02ded9684cc15a62f2fd4fd"
"md","checklist-deep-prompt","bmm","bmad/bmm/workflows/1-analysis/research/checklist-deep-prompt.md","1aa3eb0dd454decd55e656d3b6ed8aafe39baa5a042b754fd84083cfd59d5426"
"md","checklist-technical","bmm","bmad/bmm/workflows/1-analysis/research/checklist-technical.md","8f879eac05b729fa4d3536197bbc7cce30721265c5a81f8750698b27aa9ad633"
"md","ci-burn-in","bmm","bmad/bmm/knowledge/tea/ci-burn-in.md","de0092c37ea5c24b40a1aff90c5560bbe0c6cc31702de55d4ea58c56a2e109af"
"md","common-defects","bmm","bmad/bmm/knowledge/debug/common-defects.md","455d5ddf40d0fd6dc14e040fb09c6b4a5b1f33302da7270100022bb499e22f94"
"md","component-tdd","bmm","bmad/bmm/knowledge/tea/component-tdd.md","88bd1f9ca1d5bcd1552828845fe80b86ff3acdf071bac574eda744caf7120ef8"
"md","contract-testing","bmm","bmad/bmm/knowledge/tea/contract-testing.md","d8f662c286b2ea4772213541c43aebef006ab6b46e8737ebdc4a414621895599"
"md","data-factories","bmm","bmad/bmm/knowledge/tea/data-factories.md","d7428fe7675da02b6f5c4c03213fc5e542063f61ab033efb47c1c5669b835d88"
"md","debug","bmm","bmad/bmm/agents/debug.md","700288c544c0390763d358a98b08d37fa73e6c3eaf819bac45aac23b7d9d5d97"
"md","debug-inspection-checklist","bmm","bmad/bmm/knowledge/debug/debug-inspection-checklist.md","b1bf8e5a96cf232580272a175fcfe42f1482300a125cd8d469c42b14f36a88d6"
"md","debug-patterns","bmm","bmad/bmm/knowledge/debug/debug-patterns.md","568a83a54ee069f14179d6f80780d3a39c846831862029c29d8d2ac1e4f0bef7"
"md","deep-dive-instructions","bmm","bmad/bmm/workflows/document-project/workflows/deep-dive-instructions.md","5df994e4e77a2a64f98fb7af4642812378f15898c984fb4f79b45fb2201f0000"
"md","deep-dive-template","bmm","bmad/bmm/workflows/document-project/templates/deep-dive-template.md","6198aa731d87d6a318b5b8d180fc29b9aa53ff0966e02391c17333818e94ffe9"
"md","dev","bmm","bmad/bmm/agents/dev.md","ada1969a9f79bd6eb961937ea2c33576dc846ba25bb207d312616ffd162036e5"
"md","documentation-standards","bmm","bmad/bmm/workflows/techdoc/documentation-standards.md","fc26d4daff6b5a73eb7964eacba6a4f5cf8f9810a8c41b6949c4023a4176d853"
"md","email-auth","bmm","bmad/bmm/knowledge/tea/email-auth.md","43f4cc3138a905a91f4a69f358be6664a790b192811b4dfc238188e826f6b41b"
"md","enterprise-agentic-development","bmm","bmad/bmm/docs/enterprise-agentic-development.md","6e8fa4765da3344a23ae04882df8b0245b37c0a20616968f32487a908836a875"
"md","epics-template","bmm","bmad/bmm/workflows/2-plan-workflows/prd/create-epics-and-stories/epics-template.md","d497e0f6db4411d8ee423c1cbbf1c0fa7bfe13ae5199a693c80b526afd417bb0"
"md","epics-template","bmm","bmad/bmm/workflows/2-plan-workflows/tech-spec/epics-template.md","bb05533e9c003a01edeff9553a7e9e65c255920668e1b71ad652b5642949fb69"
"md","error-handling","bmm","bmad/bmm/knowledge/tea/error-handling.md","8a314eafb31e78020e2709d88aaf4445160cbefb3aba788b62d1701557eb81c1"
"md","faq","bmm","bmad/bmm/docs/faq.md","fc0592c32eef96a0003217c5e4f18bee821ff0d35895460819df91395225f083"
"md","feature-flags","bmm","bmad/bmm/knowledge/tea/feature-flags.md","f6db7e8de2b63ce40a1ceb120a4055fbc2c29454ad8fca5db4e8c065d98f6f49"
"md","fixture-architecture","bmm","bmad/bmm/knowledge/tea/fixture-architecture.md","a3b6c1bcaf5e925068f3806a3d2179ac11dde7149e404bc4bb5602afb7392501"
"md","full-scan-instructions","bmm","bmad/bmm/workflows/document-project/workflows/full-scan-instructions.md","f51b4444c5a44f098ce49c4ef27a50715b524c074d08c41e7e8c982df32f38b9"
"md","glossary","bmm","bmad/bmm/docs/glossary.md","1b8010c64dd92319b1104de818e97c0faca075496f7c0a4484509836857a589d"
"md","index-template","bmm","bmad/bmm/workflows/document-project/templates/index-template.md","42c8a14f53088e4fda82f26a3fe41dc8a89d4bcb7a9659dd696136378b64ee90"
"md","instructions","bmm","bmad/bmm/workflows/1-analysis/brainstorm-project/instructions.md","91c7b5649b9cc99e3698d1a6b1abd17b7567f4478156c8666107946bc43e51a8"
"md","instructions","bmm","bmad/bmm/workflows/1-analysis/domain-research/instructions.md","10207068d5f90ac21810d8443420dee0a59693333a7cc14480197fd97b00cf66"
"md","instructions","bmm","bmad/bmm/workflows/1-analysis/product-brief/instructions.md","70bd355eb4f932109f202b719863cd2ff188b0f4717c541c4fc51eeb0293adad"
"md","instructions","bmm","bmad/bmm/workflows/2-plan-workflows/create-ux-design/instructions.md","2e26044aa607cf3194dbff6c72d6433d08b32ff472c3e93c51ffe6373985a97d"
"md","instructions","bmm","bmad/bmm/workflows/2-plan-workflows/prd/create-epics-and-stories/instructions.md","ce83af294e5ad1a441fd79f28ab5cbf85d6991c63eb361008e18da9a85ba2ce5"
"md","instructions","bmm","bmad/bmm/workflows/2-plan-workflows/prd/instructions.md","c739aa1a5357992851a9d64eaf5eea2da56b7906b1eaad777edc627f4ae81864"
"md","instructions","bmm","bmad/bmm/workflows/2-plan-workflows/tech-spec/instructions.md","8fee659cbffddd640041edec9fa26dd149951cafcd03a715fa71e9e0ab2a698c"
"md","instructions","bmm","bmad/bmm/workflows/3-solutioning/architecture/instructions.md","faa74d00f220de33f65211df261058c7a83122fa6b1a889e29c3fec041bd086a"
"md","instructions","bmm","bmad/bmm/workflows/3-solutioning/solutioning-gate-check/instructions.md","67655b7cb276664f3bbeebd8fad12782015d91678ff15611f5b67b4b83689206"
"md","instructions","bmm","bmad/bmm/workflows/4-implementation/code-review/instructions.md","caff56dcf6fa738aee503bb1165b0df0705d6db902a6fb4c21afbb55edbcf211"
"md","instructions","bmm","bmad/bmm/workflows/4-implementation/correct-course/instructions.md","a3b198fa92c53c2739229f4e9fdaf89b566f5f550666db2cdfec8146b21f3447"
"md","instructions","bmm","bmad/bmm/workflows/4-implementation/create-story/instructions.md","8f691838e0f9aa694a42e32357983e3978a5ba28e98bb32450f5feb75aff20ba"
"md","instructions","bmm","bmad/bmm/workflows/4-implementation/dev-story/instructions.md","a5e1d1af1d370b6854bd96146824a1a0a3dd66454ddb60e35f05afa5f860ed69"
"md","instructions","bmm","bmad/bmm/workflows/4-implementation/epic-tech-context/instructions.md","f3462577a9ca798ea9ffad066f0f1f811390be019b1cafbfea7fd09322e7f71a"
"md","instructions","bmm","bmad/bmm/workflows/4-implementation/retrospective/instructions.md","2c6e3179478a0b9ab644ca60a98cf810c56ceb924247df76d82e755e386e772f"
"md","instructions","bmm","bmad/bmm/workflows/4-implementation/sprint-planning/instructions.md","689a9c4925e61957d42b0f219b9b7eaf00ea61dd68b371f3cd22bbb7c7a0f137"
"md","instructions","bmm","bmad/bmm/workflows/4-implementation/story-context/instructions.md","950565abbbfd74c69a6b26555124f25e405af88928fa7856bf61a2e1d2f69438"
"md","instructions","bmm","bmad/bmm/workflows/4-implementation/story-done/instructions.md","ece5efdd6781df7a7bb9314619b625c230554024f057a11bced198856ac7091e"
"md","instructions","bmm","bmad/bmm/workflows/4-implementation/story-ready/instructions.md","92e97b5803ba75883c995c5282aa90b7c4392e0d9c5fe0a5949ce432a3574813"
"md","instructions","bmm","bmad/bmm/workflows/debug/assert-analyze/instructions.md","d871b0b083712ffdb89f9f69093e870b489d64a1a5744eddcc4d68748ebb9ed4"
"md","instructions","bmm","bmad/bmm/workflows/debug/debug-report/instructions.md","d1d4983d8005830ecad532b40b03aaac87c012f863b357619e9975cfddc89e42"
"md","instructions","bmm","bmad/bmm/workflows/debug/delta-minimize/instructions.md","c80570bbb5c39add89d269d5bf8f798f39a725a25bf80781513fb5dc9135d4dd"
"md","instructions","bmm","bmad/bmm/workflows/debug/inspect/instructions.md","4f43f284d31e7ceb855896103e9a7bd6e8672ce1829ed9de7938e456674392b1"
"md","instructions","bmm","bmad/bmm/workflows/debug/instrument/instructions.md","c29e1dac8c27fc2fadf35468c89fec068a4aab0f5e95a459eddf3b57a2151983"
"md","instructions","bmm","bmad/bmm/workflows/debug/pattern-analysis/instructions.md","12500c5f8fd9598bca4adeeb1dd7f509b231d89bd3496716238110496749b88f"
"md","instructions","bmm","bmad/bmm/workflows/debug/quick-debug/instructions.md","24e009acad32c2bfd3c06be372e5880ebf80295f4f53ed3c27a2c936ddbf6189"
"md","instructions","bmm","bmad/bmm/workflows/debug/root-cause/instructions.md","7a688464e323d0a6afc314f0fc13b3c282c66c25541df73ea1f7dbcb7bfcf315"
"md","instructions","bmm","bmad/bmm/workflows/debug/static-scan/instructions.md","7ee2ccb7b32e24ec7a5462c82881214776a27e01d64f1ecf176c6ed2b7580901"
"md","instructions","bmm","bmad/bmm/workflows/debug/validate-fix/instructions.md","2649efeb108c6124bd55024d619a5ebea9b5d1bd58f118d2d010f876c3030cf3"
"md","instructions","bmm","bmad/bmm/workflows/debug/walkthrough-prep/instructions.md","c745a7fe9655a9044e991d6193ce1a2102c7c849d0feb3bfb592af35c8df969e"
"md","instructions","bmm","bmad/bmm/workflows/debug/wolf-fence/instructions.md","61291374afb7a61ae87cf6f3826860be99deae45a0623357e750c618311cf498"
"md","instructions","bmm","bmad/bmm/workflows/document-project/instructions.md","ea6df5ad31b0f8b939c5c5904d681b917a3873b2a984e5d8819f801b19ab4edf"
"md","instructions","bmm","bmad/bmm/workflows/testarch/atdd/instructions.md","686351f7e241b3f53054cc29c363770386967394de86052c37566cea2a02cbf2"
"md","instructions","bmm","bmad/bmm/workflows/testarch/automate/instructions.md","0ffd979375074d3555b3fea33039ad87d2ca6d28c9d3a4c275924ea80e980ce1"
"md","instructions","bmm","bmad/bmm/workflows/testarch/ci/instructions.md","be50a9825a2e36be6edec916fcd5849d893160650a55ba1f1985afdf8fecc724"
"md","instructions","bmm","bmad/bmm/workflows/testarch/framework/instructions.md","c5ac7955e524dd166d9a0fd4695ef7d7c624c5efc5aeb75a3d2704628fd3e571"
"md","instructions","bmm","bmad/bmm/workflows/testarch/nfr-assess/instructions.md","ced94c30866e3b1f660bf298b4fae2d9ca7e6474ad9acdb0b1fb1d8a7f831937"
"md","instructions","bmm","bmad/bmm/workflows/testarch/test-design/instructions.md","dc398a87436fa0bf6cf4fe349ce0823610f5ac549a1f73562a5f23b96659d508"
"md","instructions","bmm","bmad/bmm/workflows/testarch/test-review/instructions.md","6fdef605f83c84d2c09a851947a99a6d7035b07805674e03b7c3b06175698086"
"md","instructions","bmm","bmad/bmm/workflows/testarch/trace/instructions.md","29a873311874b2acb3442c3e70bc0095a03bd8f68386c491baac939f6fef17a0"
"md","instructions","bmm","bmad/bmm/workflows/workflow-status/init/instructions.md","53648abb645ebf419408ca664449abd0169f4ea3fcda3494721787e5bc6de9f4"
"md","instructions","bmm","bmad/bmm/workflows/workflow-status/instructions.md","f3e9f88e5bd113cb4f733f947385190d30b56c92782e0b2e862545dc8f6567d8"
"md","instructions-deep-prompt","bmm","bmad/bmm/workflows/1-analysis/research/instructions-deep-prompt.md","0b7c62ef8caa82f818504f05260121323314eb6348720fe34fca1cdebb24f179"
"md","instructions-level0-story","bmm","bmad/bmm/workflows/2-plan-workflows/tech-spec/instructions-level0-story.md","74da3767a00d8c1d6a37535d19abdf1489aae28f9f71e4e97efa5dc86e453ff0"
"md","instructions-level1-stories","bmm","bmad/bmm/workflows/2-plan-workflows/tech-spec/instructions-level1-stories.md","6ec98f23236b07eeda390d080d6adfc155d678daec167e0cf637e55f661e8933"
"md","instructions-market","bmm","bmad/bmm/workflows/1-analysis/research/instructions-market.md","7d7c418dbdb5c8142d55253d1f88985937e40e7e9c5149fb0264b9bd7d21b430"
"md","instructions-router","bmm","bmad/bmm/workflows/1-analysis/research/instructions-router.md","a55dae293e8a97fc6f6672cd57f3d1f7c94802954c9124a8cc4eec12fb667c71"
"md","instructions-technical","bmm","bmad/bmm/workflows/1-analysis/research/instructions-technical.md","e20baba29c83ea96cd5a90374cefeb865d8ddf0af1f805550f34ff98be3a2bb9"
"md","network-first","bmm","bmad/bmm/knowledge/tea/network-first.md","2920e58e145626f5505bcb75e263dbd0e6ac79a8c4c2ec138f5329e06a6ac014"
"md","nfr-criteria","bmm","bmad/bmm/knowledge/tea/nfr-criteria.md","e63cee4a0193e4858c8f70ff33a497a1b97d13a69da66f60ed5c9a9853025aa1"
"md","nfr-report-template","bmm","bmad/bmm/workflows/testarch/nfr-assess/nfr-report-template.md","b1d8fcbdfc9715a285a58cb161242dea7d311171c09a2caab118ad8ace62b80c"
"md","party-mode","bmm","bmad/bmm/docs/party-mode.md","7acadc96c7235695a88cba42b5642e1ee3a7f96eb2264862f629e1d4280b9761"
"md","playwright-config","bmm","bmad/bmm/knowledge/tea/playwright-config.md","42516511104a7131775f4446196cf9e5dd3295ba3272d5a5030660b1dffaa69f"
"md","pm","bmm","bmad/bmm/agents/pm.md","e9a72917dd73349e75f8a2961fa23ad5c670c81e72037974c49fd06c2ed5173f"
"md","prd-template","bmm","bmad/bmm/workflows/2-plan-workflows/prd/prd-template.md","cf79921e432b992048af21cb4c87ca5cbc14cdf6e279324b3d5990a7f2366ec4"
"md","probability-impact","bmm","bmad/bmm/knowledge/tea/probability-impact.md","446dba0caa1eb162734514f35366f8c38ed3666528b0b5e16c7f03fd3c537d0f"
"md","project-context","bmm","bmad/bmm/workflows/1-analysis/brainstorm-project/project-context.md","0f1888da4bfc4f24c4de9477bd3ccb2a6fb7aa83c516dfdc1f98fbd08846d4ba"
"md","project-overview-template","bmm","bmad/bmm/workflows/document-project/templates/project-overview-template.md","a7c7325b75a5a678dca391b9b69b1e3409cfbe6da95e70443ed3ace164e287b2"
"md","quick-spec-flow","bmm","bmad/bmm/docs/quick-spec-flow.md","215d508d27ea94e0091fc32f8dce22fadf990b3b9d8b397e2c393436934f85af"
"md","quick-start","bmm","bmad/bmm/docs/quick-start.md","88946558a87bd2eb38990cff74f29b6ef4f81db6f961500f9ca626d168cd0fce"
"md","README","bmm","bmad/bmm/README.md","ad4e6d0c002e3a5fef1b695bda79e245fe5a43345375c699165b32d6fc511457"
"md","README","bmm","bmad/bmm/docs/README.md","27a835cbc5ed50e4b076d8f0d9454c8e6b6826e69d72ec010df904e891023493"
"md","README","bmm","bmad/bmm/knowledge/debug/README.md","ef489db95354e28c475bf2b7dfeb69105585ae899cdc4fff20fab8e16356b62c"
"md","README","bmm","bmad/bmm/workflows/debug/README.md","b2a1d7f4a06ff562f0bfc28268fb26bacf06c9fb3f2b8f2b4bea132a435ec5df"
"md","risk-governance","bmm","bmad/bmm/knowledge/tea/risk-governance.md","2fa2bc3979c4f6d4e1dec09facb2d446f2a4fbc80107b11fc41cbef2b8d65d68"
"md","root-cause-checklist","bmm","bmad/bmm/knowledge/debug/root-cause-checklist.md","fc566ca21d816bf4b7074ae7ff778c3cf6d2e484c62545e2c5a5ac92ff7e1377"
"md","scale-adaptive-system","bmm","bmad/bmm/docs/scale-adaptive-system.md","f1bdaac7e6cf96dc115d8fd86c7dc499892ad745a1330221fedbaae1188c6a24"
"md","selective-testing","bmm","bmad/bmm/knowledge/tea/selective-testing.md","c14c8e1bcc309dbb86a60f65bc921abf5a855c18a753e0c0654a108eb3eb1f1c"
"md","selector-resilience","bmm","bmad/bmm/knowledge/tea/selector-resilience.md","a55c25a340f1cd10811802665754a3f4eab0c82868fea61fea9cc61aa47ac179"
"md","sm","bmm","bmad/bmm/agents/sm.md","c97fb82e97bf54a549a98cdf92d1c6fbe43d971cded939e81b4233f5fc3eb03d"
"md","source-tree-template","bmm","bmad/bmm/workflows/document-project/templates/source-tree-template.md","109bc335ebb22f932b37c24cdc777a351264191825444a4d147c9b82a1e2ad7a"
"md","tea","bmm","bmad/bmm/agents/tea.md","f0d512150e9d89158a563a7b7977e5a04c4853005ff7c9900bddc13c11c398bf"
"md","tech-spec-template","bmm","bmad/bmm/workflows/2-plan-workflows/tech-spec/tech-spec-template.md","2b07373b7b23f71849f107b8fd4356fef71ba5ad88d7f333f05547da1d3be313"
"md","tech-writer","bmm","bmad/bmm/agents/tech-writer.md","235e23b48bda061fec8dbe2cb526cca107f760689483e8b400e8b0262a452b3f"
"md","template","bmm","bmad/bmm/workflows/1-analysis/domain-research/template.md","5606843f77007d886cc7ecf1fcfddd1f6dfa3be599239c67eff1d8e40585b083"
"md","template","bmm","bmad/bmm/workflows/1-analysis/product-brief/template.md","96f89df7a4dabac6400de0f1d1abe1f2d4713b76fe9433f31c8a885e20d5a5b4"
"md","template","bmm","bmad/bmm/workflows/3-solutioning/solutioning-gate-check/template.md","11c3b7573991c001a7f7780daaf5e5dfa4c46c3ea1f250c5bbf86c5e9f13fc8b"
"md","template","bmm","bmad/bmm/workflows/4-implementation/create-story/template.md","83c5d21312c0f2060888a2a8ba8332b60f7e5ebeb9b24c9ee59ba96114afb9c9"
"md","template","bmm","bmad/bmm/workflows/4-implementation/epic-tech-context/template.md","b5c5d0686453b7c9880d5b45727023f2f6f8d6e491b47267efa8f968f20074e3"
"md","template-deep-prompt","bmm","bmad/bmm/workflows/1-analysis/research/template-deep-prompt.md","2e65c7d6c56e0fa3c994e9eb8e6685409d84bc3e4d198ea462fa78e06c1c0932"
"md","template-market","bmm","bmad/bmm/workflows/1-analysis/research/template-market.md","e5e59774f57b2f9b56cb817c298c02965b92c7d00affbca442366638cd74d9ca"
"md","template-technical","bmm","bmad/bmm/workflows/1-analysis/research/template-technical.md","78caa56ba6eb6922925e5aab4ed4a8245fe744b63c245be29a0612135851f4ca"
"md","test-architecture","bmm","bmad/bmm/docs/test-architecture.md","13342dd006b91cd445dcf5a868541b1cf59b40022227e8c87b66669862e993bf"
"md","test-design-template","bmm","bmad/bmm/workflows/testarch/test-design/test-design-template.md","cbbc3e3d097dfd31784b9447d07b4b4f4c63dadf2ba0968671ec862da8c30d27"
"md","test-healing-patterns","bmm","bmad/bmm/knowledge/tea/test-healing-patterns.md","b44f7db1ebb1c20ca4ef02d12cae95f692876aee02689605d4b15fe728d28fdf"
"md","test-levels-framework","bmm","bmad/bmm/knowledge/tea/test-levels-framework.md","80bbac7959a47a2e7e7de82613296f906954d571d2d64ece13381c1a0b480237"
"md","test-priorities-matrix","bmm","bmad/bmm/knowledge/tea/test-priorities-matrix.md","321c3b708cc19892884be0166afa2a7197028e5474acaf7bc65c17ac861964a5"
"md","test-quality","bmm","bmad/bmm/knowledge/tea/test-quality.md","97b6db474df0ec7a98a15fd2ae49671bb8e0ddf22963f3c4c47917bb75c05b90"
"md","test-review-template","bmm","bmad/bmm/workflows/testarch/test-review/test-review-template.md","d3215aa7bb3573bc8b9022786be9a0f4c74be8abbbfcbb610701e757531f7810"
"md","timing-debugging","bmm","bmad/bmm/knowledge/tea/timing-debugging.md","c4c87539bbd3fd961369bb1d7066135d18c6aad7ecd70256ab5ec3b26a8777d9"
"md","trace-template","bmm","bmad/bmm/workflows/testarch/trace/trace-template.md","5453a8e4f61b294a1fc0ba42aec83223ae1bcd5c33d7ae0de6de992e3ee42b43"
"md","user-story-template","bmm","bmad/bmm/workflows/2-plan-workflows/tech-spec/user-story-template.md","4b179d52088745060991e7cfd853da7d6ce5ac0aa051118c9cecea8d59bdaf87"
"md","ux-design-template","bmm","bmad/bmm/workflows/2-plan-workflows/create-ux-design/ux-design-template.md","f9b8ae0fe08c6a23c63815ddd8ed43183c796f266ffe408f3426af1f13b956db"
"md","ux-designer","bmm","bmad/bmm/agents/ux-designer.md","bccb29fb0e2a04a8cd838ebe624227648ae6d67be79f75680547469ebcefdec5"
"md","visual-debugging","bmm","bmad/bmm/knowledge/tea/visual-debugging.md","072a3d30ba6d22d5e628fc26a08f6e03f8b696e49d5a4445f37749ce5cd4a8a9"
"md","workflow-architecture-reference","bmm","bmad/bmm/docs/workflow-architecture-reference.md","ce6c43a7f90e7b31655dd1bc9632cda700e105315f5ef25067319792274b2283"
"md","workflow-document-project-reference","bmm","bmad/bmm/docs/workflow-document-project-reference.md","464819d23cc4bc88b20c8a668669ae7a6bc7bcb5e4aaa1d0f0998f35ff7ad8df"
"md","workflows-analysis","bmm","bmad/bmm/docs/workflows-analysis.md","4dd00c829adcf881ecb96e083f754a4ce109159cfdaff8a5a856590ba33f1d74"
"md","workflows-implementation","bmm","bmad/bmm/docs/workflows-implementation.md","d9d22fd7e11a5586f4c93d38f88fd93e4203d31d3388ad2d0de439cc8d35df79"
"md","workflows-planning","bmm","bmad/bmm/docs/workflows-planning.md","b713c4b5c3275daa8285fa5e8a18d9e2b6d38c66cbb77e302c15b40ea9bb3029"
"md","workflows-solutioning","bmm","bmad/bmm/docs/workflows-solutioning.md","193b6bfdafcf802b9ff6f39d1bea4fe09d788e3b2bbfe9ff034019c9a3fba696"
"xml","context-template","bmm","bmad/bmm/workflows/4-implementation/story-context/context-template.xml","582374f4d216ba60f1179745b319bbc2becc2ac92d7d8a19ac3273381a5c2549"
"xml","daily-standup","bmm","bmad/bmm/tasks/daily-standup.xml","c6918f1c9dfae5b04b8be710cc1326aac7e5bfcc8a0ca1372dafb914b904f6ca"
"yaml","analyst.agent","bmm","bmad/bmm/agents/analyst.agent.yaml",""
"yaml","architect.agent","bmm","bmad/bmm/agents/architect.agent.yaml",""
"yaml","architecture-patterns","bmm","bmad/bmm/workflows/3-solutioning/architecture/architecture-patterns.yaml","9394c1e632e01534f7a1afd676de74b27f1868f58924f21b542af3631679c552"
"yaml","config","bmm","bmad/bmm/config.yaml","2bfa4ebc2f0223f4007ed3e43f0599861c4edecc1f0af3b44545b23acda81ace"
"yaml","debug.agent","bmm","bmad/bmm/agents/debug.agent.yaml",""
"yaml","decision-catalog","bmm","bmad/bmm/workflows/3-solutioning/architecture/decision-catalog.yaml","f7fc2ed6ec6c4bd78ec808ad70d24751b53b4835e0aad1088057371f545d3c82"
"yaml","deep-dive","bmm","bmad/bmm/workflows/document-project/workflows/deep-dive.yaml","ed685516a9a2c41b358dbc8c3a4c57a7b5b232a78b7bf18bad8a7da0094b9073"
"yaml","dev.agent","bmm","bmad/bmm/agents/dev.agent.yaml",""
"yaml","enterprise-brownfield","bmm","bmad/bmm/workflows/workflow-status/paths/enterprise-brownfield.yaml","8b81f8b51f6575b92f8b490694e5f538aad9644c86119ccd6e2b727c7c232ef7"
"yaml","enterprise-greenfield","bmm","bmad/bmm/workflows/workflow-status/paths/enterprise-greenfield.yaml","040727a03c69aac1ac980ec3d708f7e64f083640fe1e724b3f09b9880f400e5a"
"yaml","full-scan","bmm","bmad/bmm/workflows/document-project/workflows/full-scan.yaml","216bd690dfe6fa69ea52cc7226780df69ee16a319b42376e4927ec1366a42601"
"yaml","game-design","bmm","bmad/bmm/workflows/workflow-status/paths/game-design.yaml","f5228c1cd593348f03824535e19a6c41b926a49a0c63ca320a2cd2e0d8b11976"
"yaml","github-actions-template","bmm","bmad/bmm/workflows/testarch/ci/github-actions-template.yaml","28c0de7c96481c5a7719596c85dd0ce8b5dc450d360aeaa7ebf6294dcf4bea4c"
"yaml","gitlab-ci-template","bmm","bmad/bmm/workflows/testarch/ci/gitlab-ci-template.yaml","bc83b9240ad255c6c2a99bf863b9e519f736c99aeb4b1e341b07620d54581fdc"
"yaml","injections","bmm","bmad/bmm/workflows/1-analysis/research/claude-code/injections.yaml","dd6dd6e722bf661c3c51d25cc97a1e8ca9c21d517ec0372e469364ba2cf1fa8b"
"yaml","method-brownfield","bmm","bmad/bmm/workflows/workflow-status/paths/method-brownfield.yaml","6f4c6b508d3af2eba1409d48543e835d07ec4d453fa34fe53a2c7cbb91658969"
"yaml","method-greenfield","bmm","bmad/bmm/workflows/workflow-status/paths/method-greenfield.yaml","1eb8232eca4cb915acecbc60fe3495c6dcc8d2241393ee42d62b5f491d7c223e"
"yaml","pm.agent","bmm","bmad/bmm/agents/pm.agent.yaml",""
"yaml","project-levels","bmm","bmad/bmm/workflows/workflow-status/project-levels.yaml","414b9aefff3cfe864e8c14b55595abfe3157fd20d9ee11bb349a2b8c8e8b5449"
"yaml","quick-flow-brownfield","bmm","bmad/bmm/workflows/workflow-status/paths/quick-flow-brownfield.yaml","0d8837a07efaefe06b29c1e58fee982fafe6bbb40c096699bd64faed8e56ebf8"
"yaml","quick-flow-greenfield","bmm","bmad/bmm/workflows/workflow-status/paths/quick-flow-greenfield.yaml","c6eae1a3ef86e87bd48a285b11989809526498dc15386fa949279f2e77b011d5"
"yaml","sample-level-3-workflow","bmm","bmad/bmm/workflows/workflow-status/sample-level-3-workflow.yaml","036b27d39d3a845abed38725d816faca1452651c0b90f30f6e3adc642c523c6f"
"yaml","sm.agent","bmm","bmad/bmm/agents/sm.agent.yaml",""
"yaml","sprint-status-template","bmm","bmad/bmm/workflows/4-implementation/sprint-planning/sprint-status-template.yaml","314af29f980b830cc2f67b32b3c0c5cc8a3e318cc5b2d66ff94540e5c80e3aca"
"yaml","tea.agent","bmm","bmad/bmm/agents/tea.agent.yaml",""
"yaml","team-fullstack","bmm","bmad/bmm/teams/team-fullstack.yaml","da8346b10dfad8e1164a11abeb3b0a84a1d8b5f04e01e8490a44ffca477a1b96"
"yaml","tech-writer.agent","bmm","bmad/bmm/agents/tech-writer.agent.yaml",""
"yaml","template","bmm","bmad/bmm/workflows/debug/debug-report/template.yaml","81b7f88b5c71a884a643a0983af7f9cdc9e7b84560a9634cb643bbac81f5dcd2"
"yaml","template","bmm","bmad/bmm/workflows/debug/inspect/template.yaml","9c48b4df344c3e62f5ab574ffc18cca3246171cf34d3775a834f4cab9f6e5780"
"yaml","template","bmm","bmad/bmm/workflows/debug/root-cause/template.yaml","7f2adc0b8827d852f1236d66c3a4ccfe2e09ef8ea28e985ed4ff48e7b91a6f15"
"yaml","ux-designer.agent","bmm","bmad/bmm/agents/ux-designer.agent.yaml",""
"yaml","validation-criteria","bmm","bmad/bmm/workflows/3-solutioning/solutioning-gate-check/validation-criteria.yaml","d690edf5faf95ca1ebd3736e01860b385b05566da415313d524f4db12f9a5af4"
"yaml","workflow","bmm","bmad/bmm/workflows/1-analysis/brainstorm-project/workflow.yaml","3e815878aa9739de8347602791648fcbf4d9be9f9672062a3bceb3014e4cbdca"
"yaml","workflow","bmm","bmad/bmm/workflows/1-analysis/domain-research/workflow.yaml","04084701a5c77a89ef05758a1729db44118e1ac79331d4e2f55c2f7c80e137d7"
"yaml","workflow","bmm","bmad/bmm/workflows/1-analysis/product-brief/workflow.yaml","30732a5cdead2ffdfbcb3d61e723d9d84d3440a2d48cfe69d881a123c3931ee6"
"yaml","workflow","bmm","bmad/bmm/workflows/1-analysis/research/workflow.yaml","984afa9a8e00642f607991cfa80cc91050f8702895bdcde60ad29eb11d9f9ef7"
"yaml","workflow","bmm","bmad/bmm/workflows/2-plan-workflows/create-ux-design/workflow.yaml","578d808f18349fc7b0a70f9c064104cd86a602cb2da2ae7f321bd4692f12a6e0"
"yaml","workflow","bmm","bmad/bmm/workflows/2-plan-workflows/prd/create-epics-and-stories/workflow.yaml","571ac338b239fc26457dd08cd5c831b3bfbb799ff24d291cf14d7bd533ddf3f6"
"yaml","workflow","bmm","bmad/bmm/workflows/2-plan-workflows/prd/workflow.yaml","3cfe42c0caf54af9eddbec06870990dd393488a6ba577a248a42180f15f2f2c4"
"yaml","workflow","bmm","bmad/bmm/workflows/2-plan-workflows/tech-spec/workflow.yaml","bad73ddbc0c93c535425770a2aef3fc915217ea81a97559433dacfd24901b467"
"yaml","workflow","bmm","bmad/bmm/workflows/3-solutioning/architecture/workflow.yaml","214217621532d74d07b0c6f860777f80fca73804c34adab07bfef58f6fefa593"
"yaml","workflow","bmm","bmad/bmm/workflows/3-solutioning/solutioning-gate-check/workflow.yaml","cd4f5a471e7a710abbfc575b616bdd9e0646605f9da4d76a87a853ac5c57a2a8"
"yaml","workflow","bmm","bmad/bmm/workflows/4-implementation/code-review/workflow.yaml","ced8a0b831261330f85ac0550b74b8de3671ec9608100475a235ec37bef0c394"
"yaml","workflow","bmm","bmad/bmm/workflows/4-implementation/correct-course/workflow.yaml","ac58683293258d3025fb283dbbfa041bf5b406903cb325cde0ac76d501300020"
"yaml","workflow","bmm","bmad/bmm/workflows/4-implementation/create-story/workflow.yaml","b921a53bd4935bb8badc2105d4cff8beaafde96534b606b27eb1fbe88f4235f3"
"yaml","workflow","bmm","bmad/bmm/workflows/4-implementation/dev-story/workflow.yaml","793b7dfae148c82a05daf08b3dcae5bdd57e1a310ee0e063e2d2c52c598cf28b"
"yaml","workflow","bmm","bmad/bmm/workflows/4-implementation/epic-tech-context/workflow.yaml","c7fb29684c83e1c52fc4578360d3c4f5a1a81583a1d4966ce6bf28c91f4ffbf0"
"yaml","workflow","bmm","bmad/bmm/workflows/4-implementation/retrospective/workflow.yaml","c674fc347806ef1ba57392448e34ff8c819f513f541f395cc157859b32ce6d82"
"yaml","workflow","bmm","bmad/bmm/workflows/4-implementation/sprint-planning/workflow.yaml","0a0c6f22874f8918ae9efeeff47ab7c45ed8d6b265b8b74f6538862cd7545f50"
"yaml","workflow","bmm","bmad/bmm/workflows/4-implementation/story-context/workflow.yaml","1756975e7c26ad7a2fcc0bd5d7ae60427e0464a96a5c046dfa0df1920447adaa"
"yaml","workflow","bmm","bmad/bmm/workflows/4-implementation/story-done/workflow.yaml","7dc6a405dfe63a4ea28401e8229fe89b0750586ce6ea8c4b848de4fe621e58db"
"yaml","workflow","bmm","bmad/bmm/workflows/4-implementation/story-ready/workflow.yaml","95b580577fd5f5a940dd0be5607d6a6500d328b887e37ddad70188658a5789cb"
"yaml","workflow","bmm","bmad/bmm/workflows/debug/assert-analyze/workflow.yaml","e1b0051e9d7802192ba50638d174e721cb74cd7b20c547338c9486753617f66d"
"yaml","workflow","bmm","bmad/bmm/workflows/debug/debug-report/workflow.yaml","73780f9952df298b6b0b3c69251f9490dd210f9739b2611840d77f83bf666f24"
"yaml","workflow","bmm","bmad/bmm/workflows/debug/delta-minimize/workflow.yaml","6dc40cc56bc89d530bf574b5c309922909a7cf0d411d49787eb67f734ba30ea1"
"yaml","workflow","bmm","bmad/bmm/workflows/debug/inspect/workflow.yaml","d779033b8ea4c91caaa0840b0a7506c35a05d5f7aa37569c4c52ce5de4f77637"
"yaml","workflow","bmm","bmad/bmm/workflows/debug/instrument/workflow.yaml","d79c2f11055ef67d662d7a7a57ddfd7a9346b7227e222ec5e6a928ca908153e2"
"yaml","workflow","bmm","bmad/bmm/workflows/debug/pattern-analysis/workflow.yaml","5bca18492949d38a37f36721cc449a02bf1c5b271c6ef38028a405d8b13a6d10"
"yaml","workflow","bmm","bmad/bmm/workflows/debug/quick-debug/workflow.yaml","9ee13fd5d212cc19c6fe0ab874e6d7afd6e1bf17e94dad765131dd844f0a916d"
"yaml","workflow","bmm","bmad/bmm/workflows/debug/root-cause/workflow.yaml","cd73b030670fa5d5a49d0d536d8eb502d60a43710850eeb200b48fe80991cc87"
"yaml","workflow","bmm","bmad/bmm/workflows/debug/static-scan/workflow.yaml","d3a942e11b3c4ed0fd9b206b10d104c82e6f88ab89096fd770da35dc00e6eda7"
"yaml","workflow","bmm","bmad/bmm/workflows/debug/validate-fix/workflow.yaml","797feb8bc9714b73b3378e503aa134f91f302a3ef103d31d0f5b6de62c5b5aa1"
"yaml","workflow","bmm","bmad/bmm/workflows/debug/walkthrough-prep/workflow.yaml","96424d058eb19f281664cb0640a9403b94edc1725f07ae2c606d93bfa2eb2986"
"yaml","workflow","bmm","bmad/bmm/workflows/debug/wolf-fence/workflow.yaml","09840c20523ac15168b180bf02fffe4d5052ab5d687fd42ec285dde78ba191d6"
"yaml","workflow","bmm","bmad/bmm/workflows/document-project/workflow.yaml","e7e3c1a0e6ad90df50fcf22bfa6cb231758a66374376e9976c13ca71f5339b2f"
"yaml","workflow","bmm","bmad/bmm/workflows/testarch/atdd/workflow.yaml","63699a3851e427de3f10fe002a288d0d5b864058d8ad7f735c07a70ae03bea2b"
"yaml","workflow","bmm","bmad/bmm/workflows/testarch/automate/workflow.yaml","669c3e80aa3136c67b3c6dfd3253b8e3299b1be1113bbb37cb0c325a7e7e1627"
"yaml","workflow","bmm","bmad/bmm/workflows/testarch/ci/workflow.yaml","ddf9b982fc676fd86bc7c165f56945bbc81224d1f80204e9704606627534bdeb"
"yaml","workflow","bmm","bmad/bmm/workflows/testarch/framework/workflow.yaml","221874288964529d848b7dee964917cc54204ce8ba27a74eb7217dad7cea6640"
"yaml","workflow","bmm","bmad/bmm/workflows/testarch/nfr-assess/workflow.yaml","9d0e46283c5e9fd9fa2f179c3276a56439537ad804e8199838c64d5e6232fc37"
"yaml","workflow","bmm","bmad/bmm/workflows/testarch/test-design/workflow.yaml","a012cae2d944a415cd12e6a13a6d24445540c63b3ee9329e64dd42b66fcb2bd0"
"yaml","workflow","bmm","bmad/bmm/workflows/testarch/test-review/workflow.yaml","05534a75a8b610ca46b44349d47e6e389f25f79cc472b48b0de82a9d56423d77"
"yaml","workflow","bmm","bmad/bmm/workflows/testarch/trace/workflow.yaml","91f56f96e04aeecc5cfb6df5a9b480de4480b04475c98f1445453ae4c78455c8"
"yaml","workflow","bmm","bmad/bmm/workflows/workflow-status/init/workflow.yaml","da1bae455f4d39c1271ee5bb169627578fc1191613c48760b99e7b07994b3fca"
"yaml","workflow","bmm","bmad/bmm/workflows/workflow-status/workflow.yaml","d1bb5b75b9f1d61a6fd090f0c2dde1848e69ebf709b1431b8c611232bfc8dad3"
"yaml","workflow-status-template","bmm","bmad/bmm/workflows/workflow-status/workflow-status-template.yaml","6021202726d2b81f28908ffeb93330d25bcd52986823200e01b814d67c1677dd"
"csv","default-party","cis","bmad/cis/teams/default-party.csv","17f4096b2add23f82bb5bb72463d2c2a0969b446e2f91fe898447ef8dfdfd8aa"
"csv","design-methods","cis","bmad/cis/workflows/design-thinking/design-methods.csv","6735e9777620398e35b7b8ccb21e9263d9164241c3b9973eb76f5112fb3a8fc9"
"csv","innovation-frameworks","cis","bmad/cis/workflows/innovation-strategy/innovation-frameworks.csv","9a14473b1d667467172d8d161e91829c174e476a030a983f12ec6af249c4e42f"
"csv","solving-methods","cis","bmad/cis/workflows/problem-solving/solving-methods.csv","aa15c3a862523f20c199600d8d4d0a23fce1001010d7efc29a71abe537d42995"
"csv","story-types","cis","bmad/cis/workflows/storytelling/story-types.csv","ec5a3c713617bf7e2cf7db439303dd8f3363daa2f6db20a350c82260ade88bdb"
"md","brainstorming-coach","cis","bmad/cis/agents/brainstorming-coach.md","aee8a819bc7bee17e97e5459b3d0959d14ebed45f8f2aad49d3d3382ed4825ed"
"md","creative-problem-solver","cis","bmad/cis/agents/creative-problem-solver.md","a8d0a53d2e0f540d3ada0d73879bf4984d3cdc7150d949b0b8709b521937ea05"
"md","design-thinking-coach","cis","bmad/cis/agents/design-thinking-coach.md","0ad2fb0fae93a2961f84613e660c0918eb43727353b7eb36bd4d9d4ee6a500b4"
"md","innovation-strategist","cis","bmad/cis/agents/innovation-strategist.md","9525b009109e15be7317ea7bb9ad2f740e7e317a8df4872ea5048ed198731455"
"md","instructions","cis","bmad/cis/workflows/design-thinking/instructions.md","9cbcc76146036f37081f4f26662387d0b054aedd129c998d820c1b4c8f25c9bd"
"md","instructions","cis","bmad/cis/workflows/innovation-strategy/instructions.md","5cb701bd9f656a165ec853984cf8163eebc19034129bb9360bb19564e407db43"
"md","instructions","cis","bmad/cis/workflows/problem-solving/instructions.md","caa996c5a2d14d1993c93664b09d6594d33f6a89b419b343d0bf7540217cb341"
"md","instructions","cis","bmad/cis/workflows/storytelling/instructions.md","f0aad32f46badbb2b916af245cdae27b49986fcae548793eb783624ee0ace295"
"md","readme","cis","bmad/cis/readme.md","aa493c5bc9b1f5db0c46e8ece9c5d9d10b5d1d4d0d3ea0c102b002df62d4eac8"
"md","README","cis","bmad/cis/agents/README.md","304fac869ca6a76660df270bb92af6394f3c98e8fd3ec36c9ea69c3e65f3f965"
"md","README","cis","bmad/cis/workflows/README.md","013f3bf86267a29506aebc3c58826316381295476030d0a6a29f4cc90c91174e"
"md","README","cis","bmad/cis/workflows/design-thinking/README.md","0a38f88352dc4674f6e1f55a67ffebf403bf329c874a21a49ce7834c08f91f62"
"md","README","cis","bmad/cis/workflows/innovation-strategy/README.md","820a9e734fadf2cfac94d499cec2e4b41a54d054c0d2f6b9819da319beee4fb9"
"md","README","cis","bmad/cis/workflows/problem-solving/README.md","a5e75b9899751d7aabffcf65785f10d4d2e0455f8c7c541e8a143e3babceca8b"
"md","README","cis","bmad/cis/workflows/storytelling/README.md","1bad4223dce51cb5a7ab8c116467f78037a4583d3a840210ee2f160ad15b71ee"
"md","storyteller","cis","bmad/cis/agents/storyteller.md","68ba81fbef68d939713b5784fb2e44ddd4a0179f47d39a2306d3023ec7521572"
"md","template","cis","bmad/cis/workflows/design-thinking/template.md","7834c387ac0412c841b49a9fcdd8043f5ce053e5cb26993548cf4d31b561f6f0"
"md","template","cis","bmad/cis/workflows/innovation-strategy/template.md","3e649531c0d8ac94e147159cd456aa0e1726439e8518c3ccc2ad08fc486aed59"
"md","template","cis","bmad/cis/workflows/problem-solving/template.md","6c9efd7ac7b10010bd9911db16c2fbdca01fb0c306d871fa6381eef700b45608"
"md","template","cis","bmad/cis/workflows/storytelling/template.md","461981aa772ef2df238070cbec90fc40995df2a71a8c22225b90c91afed57452"
"yaml","brainstorming-coach.agent","cis","bmad/cis/agents/brainstorming-coach.agent.yaml",""
"yaml","config","cis","bmad/cis/config.yaml","9bbdf7a6ea056090d2e0dc64285a9e895379b425658a9a4f47e382e9e6bc182d"
"yaml","creative-problem-solver.agent","cis","bmad/cis/agents/creative-problem-solver.agent.yaml",""
"yaml","creative-squad","cis","bmad/cis/teams/creative-squad.yaml","25407cf0ebdf5b10884cd03c86068e04715ef270ada93a3b64cb9907b62c71cf"
"yaml","design-thinking-coach.agent","cis","bmad/cis/agents/design-thinking-coach.agent.yaml",""
"yaml","innovation-strategist.agent","cis","bmad/cis/agents/innovation-strategist.agent.yaml",""
"yaml","storyteller.agent","cis","bmad/cis/agents/storyteller.agent.yaml",""
"yaml","workflow","cis","bmad/cis/workflows/design-thinking/workflow.yaml","3de3df177727f4216b8a05db0f4a48a21f440a1b1bbc9f439e8d2e39d08a7760"
"yaml","workflow","cis","bmad/cis/workflows/innovation-strategy/workflow.yaml","5106b1644fe72c4518f81f88dba5c2b45e9af5521185d28cc06eae9760e7a142"
"yaml","workflow","cis","bmad/cis/workflows/problem-solving/workflow.yaml","e64bb59d38d16c4161ecf67ce0507724c5cd0326b4269f011305d756741c1840"
"yaml","workflow","cis","bmad/cis/workflows/storytelling/workflow.yaml","7fbde40aeb55975ef5f81d54da617bf1c53231d07312162ae92431645f97054d"
"csv","adv-elicit-methods","core","bmad/core/tasks/adv-elicit-methods.csv","b4e925870f902862899f12934e617c3b4fe002d1b652c99922b30fa93482533b"
"csv","brain-methods","core","bmad/core/workflows/brainstorming/brain-methods.csv","ecffe2f0ba263aac872b2d2c95a3f7b1556da2a980aa0edd3764ffb2f11889f3"
"md","bmad-master","core","bmad/core/agents/bmad-master.md","6d730e15e119b631e9fe43e9e2c7d403e015df98c549bc7e586b3c56e93c3bb5"
"md","instructions","core","bmad/core/workflows/brainstorming/instructions.md","84430dae1192c78fa33c5bf57141c26d5dafe46504c9c9214b5fc6008b691352"
"md","instructions","core","bmad/core/workflows/party-mode/instructions.md","768a835653fea54cbf4f7136e19f968add5ccf4b1dbce5636c5268d74b1b7181"
"md","README","core","bmad/core/workflows/brainstorming/README.md","1265e0283a3741c7137804089a5043452a789688da3274a188a75d9b6f89eb38"
"md","template","core","bmad/core/workflows/brainstorming/template.md","b5c760f4cea2b56c75ef76d17a87177b988ac846657f4b9819ec125d125b7386"
"xml","adv-elicit","core","bmad/core/tasks/adv-elicit.xml","71c34bf1c333bb4313ce14b74bbeb63a538f47507cc10301450e4006df8f0b42"
"xml","bmad-web-orchestrator.agent","core","bmad/core/agents/bmad-web-orchestrator.agent.xml","504fd16489c77f9cc4364c525e1e477f63caec55a3144a335eb961052fab0f99"
"xml","index-docs","core","bmad/core/tasks/index-docs.xml","c6a9d79628fd1246ef29e296438b238d21c68f50eadb16219ac9d6200cf03628"
"xml","shard-doc","core","bmad/core/tools/shard-doc.xml","f2ec685bd3f9ca488c47c494b344b8cff1854d5439c7207182e08ecfa0bb4a07"
"xml","validate-workflow","core","bmad/core/tasks/validate-workflow.xml","63580411c759ee317e58da8bda6ceba27dbf9d3742f39c5c705afcd27361a9ee"
"xml","workflow","core","bmad/core/tasks/workflow.xml","f7500bdc26a0d4630674000788d9dbc376b03347aea221b90afcdbb0a1e569d7"
"yaml","bmad-master.agent","core","bmad/core/agents/bmad-master.agent.yaml",""
"yaml","config","core","bmad/core/config.yaml","45f943f18fd5490e48c03adc415aba048acd644bd910540947b4f8ba37ad5cb6"
"yaml","workflow","core","bmad/core/workflows/brainstorming/workflow.yaml","d7387044bbc41820e6efa9370fa47992b731a2081cb7b0fdc8b334b02bbaf274"
"yaml","workflow","core","bmad/core/workflows/party-mode/workflow.yaml","3fbb7783d698621e9d87b36be6a8bea41640deb3817a44c9c73c4a4b160384a7"
